Workbook

Sheet 🤎 Home
B2: ◈ THE FANFICTION ARCHIVE ◈
B3: Curated Fanfiction Library & EPUB Catalog
B5: Archive Information
B6: Fandom / Library: | C6: Percy Jackson and the Olympians / Riordanverse
B7: Curator / Admin: | C7: Ethan Chan
B8: Export Date: | C8: 2026-10-30
B10: Archive Metrics
B11: Total Works Indexed | C11: =COUNTA('💜 Fic Entries'!A4:A1000)
B12: Total Series Indexed | C12: =COUNTA('💙 Series Entries'!B4:B1000)
B13: Total Word Count | C13: =SUM('💜 Fic Entries'!H4:H1000)*1000
B14: Complete Works | C14: =COUNTIF('💜 Fic Entries'!C4:C1000, "Complete")
B15: Works in Progress | C15: =COUNTIF('💜 Fic Entries'!C4:C1000, "Work in Progress")
B18: Quick Navigation
B19: 💜 Fic Entries | C19: Browse all individual fanfiction entries with summaries, tags, and EPUBs
B20: 💙 Series Entries | C20: Browse series sequences, series word counts, and multi-part works
B21: 🩵 Archive Statistics | C21: View charts and breakdowns by rating, status, word range, and categories
B22: 🩷 Filter Instructions | C22: Quick tutorial on how to search and filter this archive

Sheet 🩷 Filter Instructions
B2: How to Filter & Search This Archive
B3: Follow these simple tips to find exactly what you want to read.
B5: 1. Turning on Filters
B6: Click on row 3 in "💜 Fic Entries", then in Google Sheets select Data > Create a filter (or in Excel, Data > Filter). Funnel drop-down icons will appear on every column header.
B7: 2. Filter by Rating
B8: Click the drop-down on Column I (Rating). Clear all, then check only the ratings you want (e.g., "T" and "M").
B9: 3. Filter by Word Length
B10: Column G provides convenient word brackets (<10k, 10–25k, 25–50k, 50–100k, 100–200k, 200k+). Column H displays words in thousands for easy sorting.
B11: 4. Searching for Tropes or Characters
B12: Use the text search inside the column filter menu. For example, click the funnel on Column M (Main Relationship/s) or Column O (Genres), type "Fluff" or "Percabeth", and click OK.
B13: 5. Finding EPUBs in Google Drive
B14: Column Z contains the EPUB filename and relative folder path. If you downloaded the archive folder or are viewing the shared Google Drive folder, search or navigate into the Fandom/Author folder matching Column Z.

Sheet 💜 Fic Entries
A1: ← Back to Home
A2: Basic Information | F2: Length | I2: Warnings / Crossover | L2: Relationships | O2: Genres / Tropes | R2: Setting | U2: Other Tags | Y2: Files
A3: Title | B3: Author | C3: Status | D3: Summary | E3: Series | F3: Chapters | G3: Word Range | H3: Word Count (Thousand) | I3: Rating | J3: Warnings | K3: Crossover | L3: Category | M3: Main Relationship/s | N3: Other Relationships | O3: Genres | P3: (Romantic) Relationship Tropes | Q3: Character Tropes | R3: Canon Status | S3: Location | T3: Time Period | U3: Main POV | V3: Minor POV | W3: Additional Tags | X3: Admin / Shelf | Y3: Original Link | Z3: EPUB | AA3: PDF
A4: A Day in the Life of Camp Half Blood's Older Cousin | B4: 1967HogwartsGoddess | C4: Complete | D4: “I come here when I have nightmares,” Percy said casually. When Annabeth is ill, Percy wanders around camp all day helping those who need it. | E4: No | F4: One-shot | G4: 10–25k | H4: 12 | I4: G | J4: None Apply | K4: No | L4: Gen | M4: Percy & Camp Half-Blood Campers | N4: Percabeth, Solangelo | O4: Friendship, Fluff, Humour | P4: Established Relationship | Q4: BAMF!Percy | R4: Canon Compliant | S4: Camp Half-Blood | T4: Post-Tartarus | U4: Percy POV | V4: None | W4: Capture the Flag, Sibling Bonding | X4: Favorites | Y4: https://archiveofourown.org/works/55356616 | Z4: 1967HogwartsGoddess — A Day in the Life of Camp Half Blood's Older Cousin [55356616].epub
A5: Falling for You | B5: 1967HogwartsGoddess | C5: Complete | D5: In an alternate series of events, Percy saves Annabeth from falling into Tartarus. Too bad he can't save himself. | E5: Falling For You #1 | F5: Multi-chapter | G5: 200k+ | H5: 270 | I5: M | J5: Graphic Violence | K5: No | L5: F/M | M5: Percy Jackson/Annabeth Chase | N5: Nico & Percy | O5: Angst, Action, Romance | P5: Slow Burn, Soulmates | Q5: Dark!Percy | R5: Canon Divergence | S5: Tartarus | T5: Mark of Athena | U5: Percy POV | V5: Annabeth POV | W5: Underworld, Survival | X5: Comfort Fics | Y5: https://archiveofourown.org/works/26200348 | Z5: 01 - 1967HogwartsGoddess — Falling for You [26200348].epub

Sheet 💙 Series Entries
A1: ← Back to Home
A2: Series Information | D2: Fic Information at a Glance | K2: Links
A3: Series Link | B3: Series Title | C3: Author | D3: No. in Series | E3: Fic Title | F3: Status | G3: Chapters | H3: Word Count (Thousand) | I3: Rating | J3: Main Relationship | K3: Fic Link
A4: https://archiveofourown.org/series/1849129 | B4: Falling For You | C4: 1967HogwartsGoddess | D4: 1 | E4: Falling for You | F4: Complete | G4: Multi-chapter | H4: 270 | I4: M | J4: Percy Jackson/Annabeth Chase | K4: https://archiveofourown.org/works/26200348

Sheet 🩵 Archive Statistics
A1: ← Back to Home
B2: ARCHIVE STATISTICS & ANALYTICS
B4: Rating Breakdown | E4: Completion Status | H4: Length Breakdown
B5: Rating | C5: Count | E5: Status | F5: Count | H5: Word Range | I5: Count
B6: G | C6: =COUNTIF('💜 Fic Entries'!I:I, "G") | E6: Complete | F6: =COUNTIF('💜 Fic Entries'!C:C, "Complete") | H6: <10k | I6: =COUNTIF('💜 Fic Entries'!G:G, "<10k")
B7: T | C7: =COUNTIF('💜 Fic Entries'!I:I, "T") | E7: Work in Progress | F7: =COUNTIF('💜 Fic Entries'!C:C, "Work in Progress") | H7: 10–25k | I7: =COUNTIF('💜 Fic Entries'!G:G, "10–25k")
B8: M | C8: =COUNTIF('💜 Fic Entries'!I:I, "M") | H8: 25–50k | I8: =COUNTIF('💜 Fic Entries'!G:G, "25–50k")
B9: E | C9: =COUNTIF('💜 Fic Entries'!I:I, "E") | H9: 50–100k | I9: =COUNTIF('💜 Fic Entries'!G:G, "50–100k")
B10: Not Rated | C10: =COUNTIF('💜 Fic Entries'!I:I, "Not Rated") | H10: 100–200k | I10: =COUNTIF('💜 Fic Entries'!G:G, "100–200k")
H11: 200k+ | I11: =COUNTIF('💜 Fic Entries'!G:G, "200k+")
B14: Relationship Categories
B15: Category | C15: Count
B16: Gen | C16: =COUNTIF('💜 Fic Entries'!L:L, "*Gen*")
B17: M/M | C17: =COUNTIF('💜 Fic Entries'!L:L, "*M/M*")
B18: F/F | C18: =COUNTIF('💜 Fic Entries'!L:L, "*F/F*")
B19: F/M | C19: =COUNTIF('💜 Fic Entries'!L:L, "*F/M*")
B20: Multi | C20: =COUNTIF('💜 Fic Entries'!L:L, "*Multi*")
B21: Other | C21: =COUNTIF('💜 Fic Entries'!L:L, "*Other*")

Sheet _Metadata
A1: CONTROLLED VOCABULARY REFERENCE
B3: Rating | E3: Genres | H3: Canon Status
B4: G | C4: General Audiences | E4: Fluff | H4: Canon Compliant
B5: T | C5: Teen And Up Audiences | E5: Angst | H5: Canon Divergence
B6: M | C6: Mature | E6: Romance | H6: Alternate Universe - Canon Divergence
B7: E | C7: Explicit | E7: Humour | H7: Alternate Universe - Modern
B8: NR | C8: Not Rated | E8: Friendship | H8: Post-Canon
E9: Hurt/Comfort | H9: Pre-Canon
E10: Action/Adventure
E11: Mystery
E12: Drama
E13: Family
